{"statusCode":200,"headers":{"Content-Type":"application/json","Access-Control-Allow-Origin":"*","Access-Control-Allow-Headers":"Content-Type,X-Amz-Date,Authorization,X-Api-Key,X-Amz-Security-Token","Access-Control-Allow-Methods":"GET,POST,PUT,DELETE,OPTIONS"},"body":"{\"success\":true,\"data\":[{\"id\":1,\"nome\":\"Joaquim Silva\",\"username\":\"joaquim\",\"email\":\"joaquim@ymail.com\",\"createdAt\":\"2025-09-09T00:00:00.000Z\",\"validade_plano\":\"2025-12-31T00:00:00.000Z\",\"fone\":\"43 999999999\",\"cpf_cnpj\":\"12345678\",\"cep\":\"86055778\",\"id_cidadeIBGE\":4113700,\"endereco\":\"rua direita\",\"numero\":\"123\",\"bairro\":\"centro\",\"complemento\":\"\",\"status\":\"ativo\",\"cognito_sub\":null}],\"timestamp\":\"2025-09-13T23:11:14.781Z\",\"count\":1}"}